Year,Total Tools,Percentage of Tools Matched,matlab,whatsapp,key,spass,json,radius,kubernetes,linux,mongodb,windows,spss,unix,mysql,skype,instagram,snapchat,gif,stata,ios,https,shortlist,cics,root,mcfit,jonas,postgresql,tex,clips,opencv,scikit-learn,recaptcha
2015,0.0,0.0,,,,,,,,,,,,,,,,,,,,,,,,,,,,,,,
2016,0.5089058524173028,0.38167938931297707,0.38167938931297707,0.1272264631043257,,,,,,,,,,,,,,,,,,,,,,,,,,,,,
2017,0.3997715591090805,0.2855511136493432,,0.2284408909194746,0.17133066818960593,,,,,,,,,,,,,,,,,,,,,,,,,,,,
2018,5.894134477825465,4.8068669527897,,1.9170243204577968,0.028612303290414882,0.20028612303290413,0.11444921316165953,2.804005722460658,0.08583690987124463,0.3147353361945637,0.028612303290414882,0.20028612303290413,0.028612303290414882,0.057224606580829764,0.028612303290414882,0.028612303290414882,0.028612303290414882,0.028612303290414882,,,,,,,,,,,,,,,
2019,1.914694894146949,1.5099626400996264,0.046699875466998754,1.1363636363636365,0.12453300124533001,0.14009962640099627,,0.10896637608966377,,0.12453300124533001,,0.07783312577833125,,,,,0.062266500622665005,,0.031133250311332503,0.015566625155666251,0.015566625155666251,0.031133250311332503,,,,,,,,,,,
2020,2.820901173797804,2.3097311624384704,,1.3252555850056797,0.09466111321469141,0.3597122302158274,0.01893222264293828,,0.01893222264293828,0.2650511170011359,,0.2650511170011359,,,0.01893222264293828,0.15145778114350625,0.01893222264293828,,0.13252555850056796,,,0.07572889057175312,0.01893222264293828,0.01893222264293828,0.01893222264293828,0.01893222264293828,,,,,,,
2021,3.0331882480957564,2.6251360174102287,,1.264961915125136,0.02720348204570185,0.9929270946681175,,0.02720348204570185,,0.1088139281828074,,0.17682263329706202,,,0.040805223068552776,0.040805223068552776,0.040805223068552776,,,,,0.040805223068552776,0.08161044613710555,,,0.13601741022850924,0.040805223068552776,0.013601741022850925,,,,,
2022,10.673712021136064,6.07661822985469,,5.257595772787319,0.07926023778071334,0.21136063408190223,,0.05284015852047556,,0.06605019815059446,,0.2509907529722589,,,,0.10568031704095111,0.02642007926023778,,,,,,,,,,,,1.2945838837516512,0.01321003963011889,0.02642007926023778,0.02642007926023778,3.262879788639366
