Year,Microsoft Word,Windows 7,Windows Server,Windows Server 2012,Exchange Server,Total Tools,Percentage of Tools Matched,Windows 10,Microsoft Excel,TypeScript,Windows Server 2008,Microsoft Office Suite,Microsoft PowerPoint,Dynamics 365,Microsoft Azure,Visual Studio,Power BI,Microsoft Access,Microsoft SQL Server,Windows Server 2016,.NET Framework,ASP.NET,Microsoft Outlook,PowerApps,Microsoft Surface,Windows 8
2015,0.018124697921701304,0.03624939584340261,0.1570807153214113,0.04833252779120348,0.01208313194780087,0.2718704688255196,0.06645722571290479,,,,,,,,,,,,,,,,,,,
2016,0.021593608291945586,0.0030848011845636546,0.012339204738254618,,0.0030848011845636546,0.05244162013758213,0.04318721658389117,0.006169602369127309,0.006169602369127309,,,,,,,,,,,,,,,,,
2017,0.004153082625578836,0.006229623938368254,0.016612330502315344,,,0.03945428494299894,0.02076541312789418,0.004153082625578836,0.004153082625578836,0.002076541312789418,0.002076541312789418,,,,,,,,,,,,,,,
2018,0.02151890352910018,0.0066212010858769784,0.04634840760113885,0.0016553002714692446,0.0016553002714692446,0.10924981791697014,0.05628020922995432,0.004965900814407734,0.0066212010858769784,,0.004965900814407734,0.0033106005429384892,0.0016553002714692446,0.0066212010858769784,0.0016553002714692446,0.0016553002714692446,,,,,,,,,,
2019,0.005045154129458655,0.03632510973210232,0.0948488976338227,0.002018061651783462,,0.22904999747742294,0.09686695928560618,0.053478633772261745,0.011099339084809041,,0.001009030825891731,,0.001009030825891731,0.002018061651783462,0.001009030825891731,0.002018061651783462,0.002018061651783462,0.004036123303566924,0.002018061651783462,0.002018061651783462,0.005045154129458655,0.004036123303566924,,,,
2020,0.014230356634630119,0.0021892856360969416,0.03064999890535718,0.0010946428180484708,0.005473214090242354,0.11493749589508942,0.0634892834468113,0.01532499945267859,0.005473214090242354,0.006567856908290824,,0.0010946428180484708,,0.0021892856360969416,,0.003283928454145412,,0.003283928454145412,0.0010946428180484708,0.003283928454145412,0.0010946428180484708,0.004378571272193883,0.010946428180484708,0.0010946428180484708,0.0010946428180484708,0.0010946428180484708
