Year,Total Tools,Percentage of Tools Matched,matlab,kubernetes,linux,spss,snapchat,stata,ios,https,root,opencv,scikit-learn,recaptcha
2015,0.0,0.0,,,,,,,,,,,,
2016,0.38167938931297707,0.2544529262086514,0.38167938931297707,,,,,,,,,,,
2017,0.0,0.0,,,,,,,,,,,,
2018,0.4577968526466381,0.20028612303290413,,0.08583690987124463,0.3147353361945637,0.028612303290414882,0.028612303290414882,,,,,,,
2019,0.23349937733499376,0.18679950186799502,0.046699875466998754,,0.12453300124533001,,,0.015566625155666251,0.015566625155666251,0.031133250311332503,,,,
2020,0.37864445285876563,0.18932222642938282,,0.01893222264293828,0.2650511170011359,,,,,0.07572889057175312,0.01893222264293828,,,
2021,0.14961915125136016,0.09521218715995648,,,0.1088139281828074,,,,,0.040805223068552776,,,,
2022,3.3817701453104356,3.32892998678996,,,0.06605019815059446,,,,,,,0.02642007926023778,0.02642007926023778,3.262879788639366
