Year,matlab,Total Tools,Percentage of Tools Matched,hadoop,root,power bi,knime,tensorflow,keras,jasper,ibm cognos,kubernetes,pytorch,siri,scikit-learn,tiktok
2015,0.025801457782364704,0.025801457782364704,0.025801457782364704,,,,,,,,,,,,,
2016,0.022214817283127845,0.038875930245473735,0.038875930245473735,0.011107408641563923,0.005553704320781961,,,,,,,,,,,
2017,0.047232193463064426,0.17003589646703193,0.15114301908180616,0.03778575477045154,0.08501794823351597,,,,,,,,,,,
2018,0.031020256227316436,0.12408102490926574,0.10857089679560752,0.021714179359121507,0.02481620498185315,0.018612153736389865,0.006204051245463287,0.0031020256227316436,0.0031020256227316436,0.006204051245463287,0.0031020256227316436,0.006204051245463287,,,,
2019,0.027037988373665,0.1216709476814925,0.11491145058807625,0.015772159884637916,0.03605065116488666,0.03154431976927583,,,,0.0022531656978054164,,0.009012662791221666,,,,
2020,0.043328544388953505,0.17331417755581402,0.15735102962304168,0.004560899409363527,0.036487195274908214,0.043328544388953505,,,,0.013682698228090581,,0.031926295865544685,,,,
2021,0.024077529645458378,0.21368807560344308,0.18810570035514357,,0.031601757659664116,0.09631011858183351,0.0030096912056822973,,,,,0.04514536808523446,0.0030096912056822973,0.0030096912056822973,0.0015048456028411486,0.0060193824113645945
2022,0.008029011494868123,0.21410697319648328,0.17396191572214267,0.018734360154692285,0.020072528737170307,0.10839165518071966,,,,0.0066908429123901025,,0.044159563221774674,,,,0.008029011494868123
