Year,Total Tools,Percentage of Tools Matched,Windows Server,Microsoft Excel,Microsoft Word,Microsoft Azure,Windows 7,Windows 10,ASP.NET,Microsoft Teams,Microsoft Edge
2015,0.0,0.0,,,,,,,,,
2016,0.0,0.0,,,,,,,,,
2017,0.0,0.0,,,,,,,,,
2018,0.057224606580829764,0.028612303290414882,0.057224606580829764,,,,,,,,
2019,0.031133250311332503,0.031133250311332503,,0.015566625155666251,0.015566625155666251,,,,,,
2020,0.1135933358576297,0.09466111321469141,,0.03786444528587656,,0.01893222264293828,0.01893222264293828,0.01893222264293828,0.01893222264293828,,
2021,0.1632208922742111,0.12241566920565831,0.0544069640914037,,,,,,,0.1088139281828074,
2022,0.23778071334214002,0.17173051519154559,0.05284015852047556,,,0.02642007926023778,,0.02642007926023778,,0.11889035667107001,0.01321003963011889
