Year,Total Tools,Percentage of Tools Matched,jasper
2015,0.0,0.0,
2016,0.0,0.0,
2017,0.0,0.0,
2018,0.0,0.0,
2019,0.0,0.0,
2020,0.0,0.0,
2021,0.0,0.0,
2022,0.02365464222353637,0.011827321111768185,0.02365464222353637
