Year,Total Tools,Percentage of Tools Matched,Microsoft Word,Microsoft Excel,Windows Server,Windows Server 2012,Exchange Server,Microsoft Azure,Windows 10,Microsoft Edge,Microsoft Teams
2015,0.0,0.0,,,,,,,,,
2016,0.0,0.0,,,,,,,,,
2017,0.0,0.0,,,,,,,,,
2018,0.0,0.0,,,,,,,,,
2019,0.02529404325281396,0.01264702162640698,0.01264702162640698,0.01264702162640698,,,,,,,
2020,0.09148293843198244,0.009148293843198244,,,0.05488976305918946,0.018296587686396488,0.009148293843198244,0.009148293843198244,,,
2021,0.19903080650744204,0.08653513326410522,,,,,,,0.10384215991692627,0.09518864659051575,
2022,1.4665878178592548,0.7451212300413956,,,,,,,0.7214665878178592,0.7214665878178592,0.02365464222353637
