Year,linux,spss,https,matlab,jasper,ios,Total Tools,Percentage of Tools Matched,stata,gnu,kubernetes,root,recaptcha,adempiere,compiere,power bi,tensorflow,apache spark,hadoop,pytorch,scikit-learn
2015,0.01208313194780087,0.018124697921701304,0.09062348960850652,0.006041565973900435,0.01208313194780087,0.018124697921701304,0.1570807153214113,0.07854035766070565,,,,,,,,,,,,,
2016,0.04935681895301847,0.006169602369127309,,0.0339328130302002,0.006169602369127309,0.0030848011845636546,0.11105284264429156,0.05552642132214578,0.0030848011845636546,0.006169602369127309,0.0030848011845636546,,,,,,,,,,
2017,0.006229623938368254,0.008306165251157672,,0.004153082625578836,0.004153082625578836,0.006229623938368254,0.04983699150694603,0.03737774363020953,0.008306165251157672,,,0.002076541312789418,0.01038270656394709,,,,,,,,
2018,0.03807190624379263,0.02151890352910018,,0.023174203800569424,,0.009931801628815467,0.2598821426206714,0.1224922200887241,0.02482950407203867,0.0033106005429384892,,0.0033106005429384892,0.0033106005429384892,0.06621201085876978,0.06621201085876978,,,,,,
2019,0.08677665102668887,0.021189647343726352,0.03632510973210232,0.014126431562484235,0.011099339084809041,0.03733414055799405,0.2310680591292064,0.13722819232127542,0.006054184955350386,,0.001009030825891731,0.003027092477675193,0.008072246607133848,,,0.002018061651783462,0.002018061651783462,0.001009030825891731,0.001009030825891731,,
2020,0.05144821244827813,0.010946428180484708,0.05473214090242354,0.005473214090242354,0.0021892856360969416,0.02298749917901789,0.20360356415701558,0.13245178098386495,0.014230356634630119,,,0.0010946428180484708,0.036123212995599535,,,,0.0010946428180484708,,,0.0021892856360969416,0.0010946428180484708
