Year,Total Tools,Percentage of Tools Matched,recaptcha,https,linux,root,jasper
2015,0.0,0.0,,,,,
2016,0.0,0.0,,,,,
2017,0.0,0.0,,,,,
2018,0.01537042729787888,0.01537042729787888,0.01537042729787888,,,,
2019,0.03794106487922094,0.03794106487922094,0.02529404325281396,0.01264702162640698,,,
2020,0.05488976305918946,0.036593175372792976,0.009148293843198244,0.036593175372792976,0.009148293843198244,,
2021,0.05192107995846314,0.04326756663205261,,0.034614053305642094,,0.017307026652821047,
2022,0.7096392667060911,0.6623299822590184,0.5440567711413365,0.1419278533412182,,,0.02365464222353637
